title,code
강철비2: 정상회담,188909
반도,185917
빅샤크3: 젤리몬스터 대소동,194799
알라딘,163788
온워드: 단 하루의 기적,187351
소년시절의 너,192066
존 윅,123300
밤쉘: 세상을 바꾼 폭탄선언,191143
세인트 주디,168051
1942: 언노운 배틀,194791
마티아스와 막심,185273
파리의 인어,194486
블루 아워,183429
#살아있다,189537
위대한 쇼맨,106360
소년 아메드,185269
카오산 탱고,174261
비바리움,187294
슈퍼 레이스,186931
모든 것을 벗어던진 특별한 여행,194294
지저귀는 새는 날지 않는다,194693
시네마 천국,10001
부활,194368
원 데이,79770
너와 파도를 탈 수 있다면,186348
피아니스트의 전설,29059
에베레스트,194295
카페 벨에포크,185285
야구소녀,189633
팬데믹,194766
테우리,194661
패왕별희 디 오리지널,14448
톰보이,85825
트랜짓,173247
어게인,189747
킹 오브 프리즘 올 스타즈 -프리즘 쇼☆베스트10-,191642
미션,10086
고 피쉬!,194284
타오르는 여인의 초상,185282
이장,185150
스타 이즈 본,168050
소리꾼,189118
트로이,37742
벌새,179307
미녀와 야수,136872
시티 오브 갓,36651
전망 좋은 방,10480
래미와 친구들 : 푸른푸른 초원의 위기,194371
루비,189622
환상의 마로나,186347
베스트 오퍼,101248
팡파레,186235
라라랜드,134963
헤이트풀8,124238
우리들,146504
쓰루 더 파이어,184759
결백,180378
로제타,27111
다크 나이트,62586
찬실이는 복도 많지,189624
인비저블 라이프,185292
우리집 똥멍청이,194765
"아무튼, 아담",194807
더 차일드,41554
다가오는 것들,147945
아들,35180
소셜노마드,194344
아디오스,191714
에이브의 쿠킹 다이어리,182099
레이니 데이 인 뉴욕,152691
"안녕, 미누",178520
시라이,187297
소공녀,159311
창은,190616
내일을 위한 시간,123298
가버나움,174830
국도극장,178569
광주비디오: 사라진 4시간,194688
프리즈너,194285
샤인,17970
울지마 톤즈 2 : 슈크란 바바,190223
이태원,153934
보희와 녹양,179397
아이 캔 온리 이매진,169647
나는보리,179394
욕창,185151
바람의 언덕,189438
백년의 기억,188162
밤의 문이 열린다,176625
16세의 사운드트랙,194004
고양이 집사,190447
기억의 전쟁,179414
몽상가들,37544
"안녕, 나의 소울메이트",156912
인베이젼 2020,193326
카메라를 멈추면 안 돼!,174301
프랑스여자,185380
2017 동명이인 프로젝트,166416
나의 노래는 멀리멀리,187979
래미의 드래곤월드 구출작전,195081
말 없는 사나이,30012
매치 포인트,40932
미스비헤이비어,192623
바다로 가자,181099
불량한 가족,194007
비행,172181
산티아고의 흰 지팡이,188030
수색자,20324
쉘부르의 우산,10323
스쿠프,56220
울프 콜,189028
유령선,193839
이창,10621
작은 빛,180851
지붕 위의 바이올린,10592
호우시절,69952
내친구아내,173998
뮤지컬 쉬 러브즈 미,162816
미스 사이공: 25주년 특별 공연,155123
미져리,10489
언노운 걸,150372
에이리언,10037
에이리언 2,10038
조디악,52555
캐리,11757
플라이,11093
